{ 
    "beef": {
        "co2": 0.09948,
        "water": 1.4512,
        "land": 0.32621
    },
    "lamb": {
        "co2": 0.03972,
        "water": 1.8028,
        "land": 0.36981
    }
}